{
  "qrc96_shared_mean_test": 0.07768925554710517,
  "qrc96_shared_mean_val": 0.06670796497757622,
  "qrc96_seed_std": 0.004605405446607591,
  "esn100_shared_mean_test": 0.09033359418003997,
  "esn100_seed_std": 0.007952224506999199,
  "qrc_mc_spearman": -0.8528302709370734,
  "qrc_mc_spearman_nonzero": -0.5931686479509333,
  "esn_mc_spearman": -0.5742222854793367,
  "mc_zero_count": 922,
  "mc_total": 2450,
  "mc_zero_fraction": 0.3763265306122449,
  "lambda_max_plotted": 0.42,
  "gamma_slice": 0.12,
  "qrc96_selected_beta_pi": 0.02,
  "qrc96_selected_lambda_pi": 0.1,
  "qrc96_selected_gamma": 0.08,
  "qrc96_esn100_seed_delta_mean": 0.01264433863293481,
  "qrc96_esn100_seed_delta_ci95_low": 0.007527776569199887,
  "qrc96_esn100_seed_delta_ci95_high": 0.017961484896988997,
  "qrc96_esn100_seed_wilcoxon_greater_p": 0.0009765625,
  "qrc96_esn100_seed_sign_greater_p": 0.0009765625,
  "current_intrinsic_mc_spearman": -0.8535591747217215,
  "current_intrinsic_esn_mc_spearman": -0.5731682988260964,
  "current_intrinsic_mc_zero_count": 792,
  "current_intrinsic_mc_total": 2450,
  "current_intrinsic_mc_zero_fraction": 0.32326530612244897
}
