{
  "primary_band": "B20_q0p7",
  "primary_band_size": 4,
  "primary_band_components": 1,
  "representative_beta_pi": 0.04,
  "representative_lambda_pi": 0.1,
  "representative_gamma": 0.12,
  "leave_one_task_mean_rank": 0.22219055013309674,
  "leave_one_task_ci95_low": 0.2047532148094745,
  "leave_one_task_ci95_high": 0.23943242969289166,
  "leave_one_seed_mean_rank": 0.16190889212827989,
  "leave_one_seed_ci95_low": 0.14625605867346939,
  "leave_one_seed_ci95_high": 0.17821187439261416,
  "holdout_band_rank": 0.16818877551020409,
  "holdout_band_nmse": 0.1856925837643928,
  "holdout_medoid_nmse": 0.17420799760864938,
  "qrc_mc_spearman": -0.8771113558573318,
  "qrc_ipctot_spearman": -0.9096600976002228
}
