{
  "qrc96_shared_mean_test": 0.07694429835846509,
  "qrc96_shared_mean_val": 0.06667171566093592,
  "qrc96_seed_std": 0.0034094097432670768,
  "esn100_shared_mean_test": 0.09033359418003997,
  "esn100_seed_std": 0.007952224506999199,
  "qrc_mc_spearman": -0.8528302709370734,
  "qrc_mc_spearman_nonzero": -0.5931686479509333,
  "esn_mc_spearman": -0.5742222854793367,
  "mc_zero_count": 922,
  "mc_total": 2450,
  "mc_zero_fraction": 0.3763265306122449,
  "lambda_max_plotted": 0.42,
  "gamma_slice": 0.12,
  "qrc96_selected_beta_pi": 0.015,
  "qrc96_selected_lambda_pi": 0.1,
  "qrc96_selected_gamma": 0.08,
  "qrc96_esn100_seed_delta_mean": 0.013389295821574897,
  "qrc96_esn100_seed_delta_ci95_low": 0.008202319188585463,
  "qrc96_esn100_seed_delta_ci95_high": 0.018672818414763283,
  "qrc96_esn100_seed_wilcoxon_greater_p": 0.0009765625,
  "qrc96_esn100_seed_sign_greater_p": 0.0009765625,
  "qrc96_taskwise_non_floor_delta_mean": 0.05798159491562421,
  "qrc96_taskwise_non_floor_delta_ci95_low": 0.035752884153071124,
  "qrc96_taskwise_non_floor_delta_ci95_high": 0.08143287738309309,
  "qrc96_taskwise_sunspots_delta_mean": 0.024203395021002223,
  "qrc96_taskwise_sunspots_wins": 8,
  "qrc96_taskwise_non_floor_claim_allowed": true,
  "current_intrinsic_mc_spearman": -0.8535591747217215,
  "current_intrinsic_esn_mc_spearman": -0.5731682988260964,
  "current_intrinsic_mc_zero_count": 792,
  "current_intrinsic_mc_total": 2450,
  "current_intrinsic_mc_zero_fraction": 0.32326530612244897
}
