{
  "primary_band": "B20_q0p7",
  "primary_band_size": 22,
  "primary_band_components": 2,
  "representative_beta_pi": 0.04,
  "representative_lambda_pi": 0.12,
  "representative_gamma": 0.22,
  "leave_one_task_mean_rank": 0.19286240010511627,
  "leave_one_task_ci95_low": 0.17646130245915842,
  "leave_one_task_ci95_high": 0.2097711076354462,
  "leave_one_seed_mean_rank": 0.1510120613998925,
  "leave_one_seed_ci95_low": 0.13939354025490974,
  "leave_one_seed_ci95_high": 0.16316494110130195,
  "holdout_band_rank": 0.15286603277674704,
  "holdout_band_nmse": 0.19230662524765568,
  "holdout_medoid_nmse": 0.2037819651148974,
  "qrc_mc_spearman": -0.8843044095492406,
  "qrc_ipctot_spearman": -0.9106788266262834
}
