heldout_task,band_size,mean_heldout_rank,median_heldout_rank,rep_beta_pi,rep_lambda_pi,rep_gamma
lorenz,6,0.20795918367346938,0.1925170068027211,0.04,0.16,0.12
mackey_glass,4,0.17581632653061227,0.19795918367346937,0.07,0.12,0.12
narma10,13,0.3201883830455259,0.31695447409733124,0.07,0.16,0.22
sunspots_annual,9,0.25564625850340134,0.23401360544217686,0.07,0.12,0.12
