variant,band_size,base_band_size,retained_base_band_points,retention_fraction,mean_top20_frequency_on_base_band,mean_rank_on_base_band
base_amplitude_rxzz,9,9,9,1.0,0.4555555555555555,0.22327097505668933
mixer_none,0,9,0,0.0,0.1111111111111111,0.3673469387755102
dephasing,0,9,0,0.0,0.1597222222222222,0.4446995464852608
mixer_zz_only,0,9,0,0.0,0.1388888888888889,0.46825396825396826
gamma0_amplitude,0,9,0,0.0,0.14305555555555555,0.47310090702947843
mixer_rx_only,0,9,0,0.0,0.043055555555555555,0.48619614512471654
depolarizing,0,9,0,0.0,0.022222222222222223,0.5092120181405896
