task,task_label,n_task_seed,band_holdout_nmse_mean,medoid_holdout_nmse_mean,band_holdout_rank_mean,band_validation_rank_mean
mackey_glass,Mackey--Glass,20,7.071825927842724e-05,6.0773640415871466e-05,0.1220918367346939,0.12112244897959183
lorenz,Lorenz,20,1.4250638324625622e-05,1.7975532314155635e-05,0.16688775510204082,0.14270408163265308
narma10,NARMA10,20,0.527385114228054,0.48633490973448856,0.14862244897959187,0.1547959183673469
sunspots_annual,Sunspots,20,0.21530025193191396,0.21041833152737902,0.2351530612244898,0.21066326530612245
all,All,80,0.1856925837643928,0.17420799760864938,0.16818877551020409,0.15732142857142856
