task,task_label,n_task_seed,band_holdout_nmse_mean,medoid_holdout_nmse_mean,band_holdout_rank_mean,band_validation_rank_mean
mackey_glass,Mackey--Glass,20,7.051154164689143e-05,5.258261041804781e-05,0.10405071119356832,0.1037183055040198
lorenz,Lorenz,20,1.5100893801522018e-05,1.5199177758603557e-05,0.1357761286332715,0.11975881261595547
narma10,NARMA,20,0.5603343807290249,0.6065419147715592,0.20387291280148423,0.21032003710575142
sunspots_annual,Sunspots,20,0.20880650782614957,0.20851816389985395,0.16776437847866418,0.15247371675943105
all,All,80,0.19230662524765568,0.2037819651148974,0.15286603277674704,0.14656771799628943
