heldout_task,band_size,mean_heldout_rank,median_heldout_rank,rep_beta_pi,rep_lambda_pi,rep_gamma
lorenz,9,0.2259183673469387,0.23696145124716553,0.02,0.16,0.12
mackey_glass,5,0.1495918367346939,0.16653061224489796,0.07,0.12,0.12
narma10,23,0.30478260869565216,0.3267080745341615,0.07,0.16,0.22
sunspots_annual,8,0.20846938775510204,0.2086734693877551,0.04,0.12,0.12
