task,task_label,n_task_seed,band_holdout_nmse_mean,medoid_holdout_nmse_mean,band_holdout_rank_mean,band_validation_rank_mean
mackey_glass,Mackey--Glass,10,8.765326979376693e-05,8.18740358201361e-05,0.1053061224489796,0.11693877551020408
lorenz,Lorenz,10,5.276994207078679e-05,7.361102328272161e-05,0.1690816326530612,0.16928571428571432
narma10,NARMA10,10,0.5606060906707848,0.5195538277298408,0.17153061224489796,0.15928571428571428
sunspots_annual,Sunspots,10,0.19394021555405286,0.1789022522328998,0.17653061224489794,0.2413265306122449
all,All,40,0.18867168235917559,0.17465289125546088,0.1556122448979592,0.17170918367346938
