variant,band_size,base_band_size,retained_base_band_points,retention_fraction,mean_top20_frequency_on_base_band,mean_rank_on_base_band
base_amplitude_rxzz,4,4,4,1.0,0.375,0.2556122448979592
mixer_none,0,4,0,0.0,0.0,0.40306122448979587
dephasing,0,4,0,0.0,0.18125000000000002,0.44247448979591836
gamma0_amplitude,0,4,0,0.0,0.11875000000000001,0.464795918367347
mixer_zz_only,0,4,0,0.0,0.0625,0.5025510204081632
mixer_rx_only,0,4,0,0.0,0.0125,0.5209183673469389
depolarizing,0,4,0,0.0,0.0125,0.5256377551020408
