task,esn100_mean_nmse,qrc96_mean_nmse,delta_esn_minus_qrc,qrc96_wins,seeds,qrc96_wins_over_seeds
lorenz,1.0633628599231741e-08,1.291244485645884e-05,-1.2901811227859607e-05,0,10,0/10
mackey_glass,7.713065670368375e-07,2.1949024403400154e-05,-2.117771783636332e-05,0,10,0/10
narma10,0.21611944798508653,0.122001733683298,0.09411771430178852,10,10,10/10
sunspots_annual,0.1452141467948777,0.1857405982813024,-0.04052645148642469,0,10,0/10
