metric,spearman_vs_val_rank
MC,-0.8843044095492406
IPCmem,-0.8751988097587707
IPCtot,-0.9106788266262834
IPCnonlin,-0.7585516319340783
Vfeat,0.13383460726944962
reff,0.11588513253443881
