metric,spearman_vs_val_rank
MC,-0.8771171768294422
IPCmem,-0.8674828770560553
IPCtot,-0.9096660683295692
IPCnonlin,-0.7750597072883153
Vfeat,0.14396206665216144
reff,0.1264607740510364
