metric,spearman_vs_val_rank
MC,-0.8535591747217215
IPCmem,-0.8442324291802852
IPCtot,-0.9038130116361606
IPCnonlin,-0.8001884000392915
Vfeat,0.15962250290417437
reff,0.15093132919163763
