{
  "n_grid_points": 245,
  "n_tasks": 4,
  "n_seeds": 10,
  "n_replicates": 40,
  "B20_q1_points": 0,
  "B20_q0p8_points": 0,
  "B20_q0p7_points": 4,
  "B20_q0p6_points": 14,
  "B10_q1_points": 0,
  "B10_q0p7_points": 0,
  "band_B20_q0p70_connectivity": {
    "n_points": 4,
    "n_components": 1,
    "largest_component": 4,
    "largest_fraction": 1.0
  },
  "band_B20_q0p60_connectivity": {
    "n_points": 14,
    "n_components": 2,
    "largest_component": 11,
    "largest_fraction": 0.7857142857142857
  },
  "representative_B20_q0p70": {
    "beta_pi": 0.07,
    "lambda_pi": 0.1,
    "gamma": 0.12,
    "mean_val_rank": 0.16193877551020408,
    "mean_test_nmse": 0.18715440752151288,
    "mean_val_nmse": 0.1836083196628353
  },
  "loto_B20_q0p70_mean_band_rank": 0.23990253793825222,
  "loto_B20_q0p70_mean_rep_rank": 0.2422448979591837,
  "seed_centroid_mean_std": {
    "centroid_beta_pi": {
      "mean": 0.060770833333333336,
      "std": 0.019462813035885675
    },
    "centroid_lambda_pi": {
      "mean": 0.203375,
      "std": 0.11168414042388569
    },
    "centroid_gamma": {
      "mean": 0.12625,
      "std": 0.017677669529663684
    }
  },
  "seed_specific_empty_B20_count": 2,
  "bootstrap_band_size_ci95": {
    "mean": 4.921,
    "lo": 1.0,
    "hi": 9.0
  },
  "bootstrap_loto_mean_band_rank_ci95": {
    "mean": 0.23979118886959866,
    "lo": 0.21797141130888442,
    "hi": 0.2712034389080308
  },
  "bootstrap_loto_mean_rep_rank_ci95": {
    "mean": 0.25019520408163265,
    "lo": 0.19897704081632656,
    "hi": 0.3031683673469388
  }
}