{
  "qrc96_shared_beta_pi": 0.01,
  "qrc96_shared_lambda_pi": 0.05,
  "qrc96_shared_gamma": 0.08,
  "qrc96_features": 96,
  "qrc96_shared_mean_val": 0.0818323519494804,
  "qrc96_shared_mean_test": 0.0726868459065475,
  "qrc96_upper_mean_test": 0.08039075489579411,
  "esn100_shared_mean_test": 0.09033359418003997,
  "esn100_upper_mean_test": 0.12692812091211078,
  "esn16_shared_mean_test": 0.1118049136179415,
  "qrc16_shared_mean_test": 0.1196394511367393,
  "qrc_mc_spearman": -0.8528302709370734,
  "esn_mc_spearman": -0.61,
  "gamma_slice": 0.12
}