{
  "gamma_slice_display": 0.12,
  "B20_q1_points": 0,
  "B20_q0p7_points": 4,
  "B20_q0p6_points": 14,
  "representative_beta_pi": 0.07,
  "representative_lambda_pi": 0.1,
  "representative_gamma": 0.12,
  "representative_test": 0.1871544075215128,
  "loto_mean": 0.23990253793825222,
  "loto_ci_lo": 0.21797141130888442,
  "loto_ci_hi": 0.2712034389080308,
  "qrc_grid_shared_test": 0.1196394511367393,
  "qrc_targeted_shared_test": 0.10208750639641936,
  "qrc_targeted_config": "rxzzrx_u_b005_l050_g12",
  "qrc_targeted_val": 0.10350813667542376,
  "qrc_upper_test": 0.1184251342206038,
  "esn16_shared_test": 0.1118049136179415,
  "esn16_upper_test": 0.1216986172727814,
  "esn100_shared_test": 0.0903335941800399,
  "qrc_mc_spearman": -0.8528302709370734,
  "esn_mc_spearman": -0.57
}